{
  "composition": {
    "n_total": 10765,
    "n_train": 8612,
    "n_test": 2153,
    "occasion": {
      "Snack": 2924,
      "Dinner": 2875,
      "Breakfast": 2761,
      "Lunch": 2205
    },
    "labels": {
      "LOW": 3891,
      "MODERATE": 2077,
      "HIGH": 4797
    },
    "labels_pct": {
      "LOW": 36.1,
      "MODERATE": 19.3,
      "HIGH": 44.6
    },
    "stage": {
      "G2": 8416,
      "G3a": 1591,
      "G3b": 583,
      "G4": 175
    }
  },
  "occasion_x_label": {
    "Breakfast": {
      "LOW": 1012,
      "MODERATE": 540,
      "HIGH": 1209
    },
    "Dinner": {
      "LOW": 705,
      "MODERATE": 680,
      "HIGH": 1490
    },
    "Lunch": {
      "LOW": 892,
      "MODERATE": 549,
      "HIGH": 764
    },
    "Snack": {
      "LOW": 1282,
      "MODERATE": 308,
      "HIGH": 1334
    }
  },
  "meal_model": {
    "name": "meal_xgb",
    "accuracy": 0.9986065954482118,
    "f1_macro": 0.9981543698077159,
    "f1_weighted": 0.9986062045225198,
    "per_class": {
      "LOW": {
        "precision": 0.9974326059050064,
        "recall": 0.9987146529562982,
        "f1": 0.9980732177263969,
        "support": 778
      },
      "MODERATE": {
        "precision": 0.9975903614457832,
        "recall": 0.9951923076923077,
        "f1": 0.9963898916967509,
        "support": 416
      },
      "HIGH": {
        "precision": 1.0,
        "recall": 1.0,
        "f1": 1.0,
        "support": 959
      }
    },
    "confusion": [
      [
        777,
        1,
        0
      ],
      [
        2,
        414,
        0
      ],
      [
        0,
        0,
        959
      ]
    ],
    "auc_weighted": 0.9999951584655228,
    "auc_macro": 0.9999938167875353,
    "auc_per_class": {
      "LOW": 0.9999925216172003,
      "MODERATE": 0.9999889287454055,
      "HIGH": 1.0
    }
  },
  "day_model_on_meal_test": {
    "name": "day_xgb_on_meal",
    "accuracy": 0.9944263817928471,
    "f1_macro": 0.9928166353500937,
    "f1_weighted": 0.9944239121752279,
    "per_class": {
      "LOW": {
        "precision": 0.9910828025477707,
        "recall": 1.0,
        "f1": 0.9955214331413947,
        "support": 778
      },
      "MODERATE": {
        "precision": 0.9879227053140096,
        "recall": 0.9831730769230769,
        "f1": 0.9855421686746988,
        "support": 416
      },
      "HIGH": {
        "precision": 1.0,
        "recall": 0.9947862356621481,
        "f1": 0.9973863042341872,
        "support": 959
      }
    },
    "confusion": [
      [
        778,
        0,
        0
      ],
      [
        7,
        409,
        0
      ],
      [
        0,
        5,
        954
      ]
    ],
    "auc_weighted": 0.9967910003777343,
    "auc_macro": 0.9952023063771769,
    "auc_per_class": {
      "LOW": 0.9974545454545455,
      "MODERATE": 0.988152373676985,
      "HIGH": 1.0
    }
  },
  "rule_baseline": {
    "name": "rule_baseline",
    "accuracy": 0.8341848583372039,
    "f1_macro": 0.7746376285740433,
    "f1_weighted": 0.8267246328670079,
    "per_class": {
      "LOW": {
        "precision": 0.958273381294964,
        "recall": 0.8560411311053985,
        "f1": 0.9042769857433809,
        "support": 778
      },
      "MODERATE": {
        "precision": 0.5963302752293578,
        "recall": 0.46875,
        "f1": 0.5248990578734859,
        "support": 416
      },
      "HIGH": {
        "precision": 0.8267020335985853,
        "recall": 0.9749739311783108,
        "f1": 0.8947368421052632,
        "support": 959
      }
    },
    "confusion": [
      [
        666,
        108,
        4
      ],
      [
        29,
        195,
        192
      ],
      [
        0,
        24,
        935
      ]
    ]
  },
  "clinical_score_oracle": {
    "name": "clinical_score_threshold_oracle",
    "accuracy": 1.0,
    "f1_macro": 1.0,
    "f1_weighted": 1.0,
    "per_class": {
      "LOW": {
        "precision": 1.0,
        "recall": 1.0,
        "f1": 1.0,
        "support": 778
      },
      "MODERATE": {
        "precision": 1.0,
        "recall": 1.0,
        "f1": 1.0,
        "support": 416
      },
      "HIGH": {
        "precision": 1.0,
        "recall": 1.0,
        "f1": 1.0,
        "support": 959
      }
    },
    "confusion": [
      [
        778,
        0,
        0
      ],
      [
        0,
        416,
        0
      ],
      [
        0,
        0,
        959
      ]
    ]
  },
  "ablation_no_clinical_score": {
    "name": "meal_xgb_no_clinical_score",
    "accuracy": 0.77519739897817,
    "f1_macro": 0.7602394471210637,
    "f1_weighted": 0.7916183890289491,
    "per_class": {
      "LOW": {
        "precision": 0.8890577507598785,
        "recall": 0.7519280205655527,
        "f1": 0.8147632311977716,
        "support": 778
      },
      "MODERATE": {
        "precision": 0.48243243243243245,
        "recall": 0.8581730769230769,
        "f1": 0.6176470588235294,
        "support": 416
      },
      "HIGH": {
        "precision": 0.9629139072847682,
        "recall": 0.7580813347236705,
        "f1": 0.8483080513418904,
        "support": 959
      }
    },
    "confusion": [
      [
        585,
        187,
        6
      ],
      [
        37,
        357,
        22
      ],
      [
        36,
        196,
        727
      ]
    ],
    "auc_weighted": 0.9491309578798666,
    "auc_macro": 0.9421357059069585,
    "auc_per_class": {
      "LOW": 0.9657247020331853,
      "MODERATE": 0.9065364687126345,
      "HIGH": 0.954145946975056
    }
  },
  "ablation_raw6": {
    "name": "meal_xgb_raw6",
    "accuracy": 0.7714816535067348,
    "f1_macro": 0.7579479300755178,
    "f1_weighted": 0.7884244673957046,
    "per_class": {
      "LOW": {
        "precision": 0.8958652373660031,
        "recall": 0.7519280205655527,
        "f1": 0.8176100628930818,
        "support": 778
      },
      "MODERATE": {
        "precision": 0.47820343461030385,
        "recall": 0.8701923076923077,
        "f1": 0.6172208013640239,
        "support": 416
      },
      "HIGH": {
        "precision": 0.9609690444145357,
        "recall": 0.7445255474452555,
        "f1": 0.8390129259694477,
        "support": 959
      }
    },
    "confusion": [
      [
        585,
        184,
        9
      ],
      [
        34,
        362,
        20
      ],
      [
        34,
        211,
        714
      ]
    ],
    "auc_weighted": 0.9466980147904198,
    "auc_macro": 0.9394203401261629,
    "auc_per_class": {
      "LOW": 0.964108436550596,
      "MODERATE": 0.902334927593995,
      "HIGH": 0.9518176562338979
    }
  },
  "feature_gain": {
    "potassium": 2.8405935764312744,
    "phosphorus": 59.809871673583984,
    "protein_per_kg": 9.323114395141602,
    "sodium": 5.458581447601318,
    "ckd_stage_encoded": 10.74960994720459,
    "k_p_product": 58.0820198059082,
    "protein_sodium_ratio": 2.97628116607666,
    "clinical_score": 598.8002319335938
  },
  "feature_permutation": {
    "potassium": -0.0002048852007241845,
    "phosphorus": -0.00016492802868278328,
    "protein_per_kg": 0.0,
    "sodium": 0.0,
    "ckd_stage_encoded": 0.0,
    "stage_numeric": 0.0,
    "k_p_product": -0.0001229036650092441,
    "protein_sodium_ratio": 8.170698146227432e-05,
    "clinical_score": 0.6626756671563961
  },
  "feature_permutation_std": {
    "potassium": 0.00036632563825229485,
    "phosphorus": 0.0004180561089814721,
    "protein_per_kg": 0.0,
    "sodium": 0.0,
    "ckd_stage_encoded": 0.0,
    "stage_numeric": 0.0,
    "k_p_product": 0.0002458073300184882,
    "protein_sodium_ratio": 0.00044096153289411097,
    "clinical_score": 0.004351888149143515
  },
  "n_errors": 3,
  "errors": [
    {
      "occasion": "Dinner",
      "stage": "G2",
      "true": "MODERATE",
      "pred": "LOW",
      "clinical_score": 0.7009,
      "max_prob": 0.5807,
      "K": 791.0,
      "P": 215.0,
      "pro_kg": 0.182,
      "Na": 1378.0
    },
    {
      "occasion": "Snack",
      "stage": "G2",
      "true": "LOW",
      "pred": "MODERATE",