,LOW,HIGH,HIGH,HIGH
LOW,1.0,2.7897462952858786e-124,7.667574812091156e-101,1.9193164903763875e-192
HIGH,0.002640047564958456,0.44313978229736833,0.4410978102761947,0.11312235986147842
HIGH,0.006107079614941144,0.4014094413327314,0.48601536503825965,0.10646811401406776
HIGH,5.600065208905037e-115,0.6700759054101033,0.3299240945898968,6.151718798414233e-31
