model,notes,accuracy,f1_macro,auc_roc_ovr_weighted,epochs_trained,train_seconds,LOW_precision,LOW_recall,LOW_specificity,MODERATE_precision,MODERATE_recall,MODERATE_specificity,HIGH_precision,HIGH_recall,HIGH_specificity
GRU,"Masking→GRU(64,rs=True)→Dropout(0.3)→GRU(32)→Dropout(0.3)→Dense(3); Adam lr=0.001; ES patience=10; ReduceLR patience=5; val_split=0.1; batch=32; epochs≤100; new train-only StandardScaler",0.8743169398907104,0.8678663556010774,0.9618526589969502,100,48.13,0.9495798319327731,0.9338842975206612,0.9755102040816327,0.75,0.7959183673469388,0.9029850746268657,0.9020979020979021,0.8775510204081632,0.9360730593607306
BidirectionalLSTM,"Masking→BiLSTM(64,rs=True)→Dropout(0.3)→BiLSTM(32)→Dropout(0.3)→Dense(3); same training config; new train-only StandardScaler",0.8797814207650273,0.8733855105959529,0.9698444205686871,56,35.41,0.936,0.9669421487603306,0.9673469387755103,0.7722772277227723,0.7959183673469388,0.914179104477612,0.9071428571428571,0.8639455782312925,0.9406392694063926
SimpleRNN,"Masking→SimpleRNN(64,rs=True)→Dropout(0.3)→SimpleRNN(32)→Dropout(0.3)→Dense(3); same training config; new train-only StandardScaler",0.8879781420765027,0.8833019187086174,0.9735273393265633,83,24.33,0.9586776859504132,0.9586776859504132,0.9795918367346939,0.7663551401869159,0.8367346938775511,0.9067164179104478,0.9202898550724637,0.8639455782312925,0.9497716894977168
CNN1D,"NO Masking (documented difference): Conv1D(64,k=3,same)→Conv1D(32,k=3,same)→GlobalMaxPooling1D→Dense(3); same training config; new train-only StandardScaler",0.8688524590163934,0.8606346142060427,0.9592023123914731,100,12.27,0.9495798319327731,0.9338842975206612,0.9755102040816327,0.7551020408163265,0.7551020408163265,0.9104477611940298,0.8791946308724832,0.891156462585034,0.9178082191780822
LSTM_v3_production,predict_only models/lstm_v3_final.keras; scaled with models/lstm_v3_scaler.pkl only (not used for candidates),0.9207650273224044,0.9178176906045592,0.9847534297573729,,,0.9669421487603306,0.9669421487603306,0.9836734693877551,0.8108108108108109,0.9183673469387755,0.9216417910447762,0.9701492537313433,0.8843537414965986,0.9817351598173516
