Model,Train Accuracy,Test Accuracy,Overfit Gap,Test Precision,Test Recall,Test F1,Test AUC-ROC
HMM (Supervised),0.6379781420765027,0.6366120218579235,0.0013661202185791,0.7038447681856327,0.6366120218579235,0.6567693314380154,0.8480331439173382
HMM (Unsupervised),0.7404371584699454,0.76775956284153,-0.0273224043715846,0.7336737436173072,0.76775956284153,0.7420958414020014,0.8429545312265558
LSTM,0.9064207650273224,0.907103825136612,-0.000683060109289646,0.9048004133447763,0.907103825136612,0.9051781766516803,0.9825062506161703
