config,lstm1_units,lstm2_units,dropout,learning_rate,test_accuracy,test_f1,test_auc_roc,best_epoch
baseline (current),64,32,0.2,0.001,0.8797814207650273,0.8638160076310853,0.9802378375571262,7
higher dropout,64,32,0.3,0.001,0.907103825136612,0.9051781766516803,0.9825062506161703,24
larger network,128,64,0.2,0.001,0.8961748633879781,0.8865837450549494,0.981946191233604,7
lower learning rate,64,32,0.2,0.0005,0.8934426229508197,0.884569729422967,0.9828206459755036,24
