{
  "LOW": {
    "LOW": 0.49220817406645107,
    "MODERATE": 0.09556012937371361,
    "HIGH": 0.4122316965598353
  },
  "MODERATE": {
    "LOW": 0.2919254658385093,
    "MODERATE": 0.13043478260869565,
    "HIGH": 0.577639751552795
  },
  "HIGH": {
    "LOW": 0.3699421965317919,
    "MODERATE": 0.1111111111111111,
    "HIGH": 0.518946692357097
  }
}